title,company,location,job_link,region
senior python developer,"Payne, Roberts and Davis","Stewartbury, AA",https://www.realpython.com,AA
energy engineer,Vasquez-Davidson,"Christopherville, AA",https://www.realpython.com,AA
legal executive,"Jackson, Chambers and Levy","Port Ericaburgh, AA",https://www.realpython.com,AA
fitness centre manager,Savage-Bradley,"East Seanview, AP",https://www.realpython.com,AP
product manager,Ramirez Inc,"North Jamieview, AP",https://www.realpython.com,AP
medical technical officer,Rogers-Yates,"Davidville, AP",https://www.realpython.com,AP
physiological scientist,Kramer-Klein,"South Christopher, AE",https://www.realpython.com,AE
textile designer,Meyers-Johnson,"Port Jonathan, AE",https://www.realpython.com,AE
television floor manager,Hughes-Williams,"Osbornetown, AE",https://www.realpython.com,AE
waste management officer,"Jones, Williams and Villa","Scotttown, AP",https://www.realpython.com,AP
software engineer (python),Garcia PLC,"Ericberg, AE",https://www.realpython.com,AE
interpreter,Gregory and Sons,"Ramireztown, AE",https://www.realpython.com,AE
architect,"Clark, Garcia and Sosa","Figueroaview, AA",https://www.realpython.com,AA
meteorologist,Bush PLC,"Kelseystad, AA",https://www.realpython.com,AA
audiological scientist,Salazar-Meyers,"Williamsburgh, AE",https://www.realpython.com,AE
english as a second language teacher,"Parker, Murphy and Brooks","Mitchellburgh, AE",https://www.realpython.com,AE
surgeon,Cruz-Brown,"West Jessicabury, AA",https://www.realpython.com,AA
equities trader,Macdonald-Ferguson,"Maloneshire, AE",https://www.realpython.com,AE
newspaper journalist,"Williams, Peterson and Rojas","Johnsonton, AA",https://www.realpython.com,AA
materials engineer,Smith and Sons,"South Davidtown, AP",https://www.realpython.com,AP
python programmer (entry-level),"Moss, Duncan and Allen","Port Sara, AE",https://www.realpython.com,AE
product/process development scientist,Gomez-Carroll,"Marktown, AA",https://www.realpython.com,AA
"scientist, research (maths)","Manning, Welch and Herring","Laurenland, AE",https://www.realpython.com,AE
ecologist,"Lee, Gutierrez and Brown","Lauraton, AP",https://www.realpython.com,AP
materials engineer,"Davis, Serrano and Cook","South Tammyberg, AP",https://www.realpython.com,AP
historic buildings inspector/conservation officer,Smith LLC,"North Brandonville, AP",https://www.realpython.com,AP
data scientist,Thomas Group,"Port Robertfurt, AA",https://www.realpython.com,AA
psychiatrist,Silva-King,"Burnettbury, AE",https://www.realpython.com,AE
structural engineer,Pierce-Long,"Herbertside, AA",https://www.realpython.com,AA
immigration officer,Walker-Simpson,"Christopherport, AP",https://www.realpython.com,AP
python programmer (entry-level),Cooper and Sons,"West Victor, AE",https://www.realpython.com,AE
neurosurgeon,"Donovan, Gonzalez and Figueroa","Port Aaron, AP",https://www.realpython.com,AP
broadcast engineer,"Morgan, Butler and Bennett","Loribury, AA",https://www.realpython.com,AA
make,Snyder-Lee,"Angelastad, AP",https://www.realpython.com,AP
"nurse, adult",Harris PLC,"Larrytown, AE",https://www.realpython.com,AE
air broker,Washington PLC,"West Colin, AP",https://www.realpython.com,AP
"editor, film/video","Brown, Price and Campbell","West Stephanie, AP",https://www.realpython.com,AP
"production assistant, radio",Mcgee PLC,"Laurentown, AP",https://www.realpython.com,AP
"engineer, communications",Dixon Inc,"Wrightberg, AP",https://www.realpython.com,AP
sales executive,"Thompson, Sheppard and Ward","Alberttown, AE",https://www.realpython.com,AE
software developer (python),Adams-Brewer,"Brockburgh, AE",https://www.realpython.com,AE
futures trader,Schneider-Brady,"North Jason, AE",https://www.realpython.com,AE
tour manager,Gonzales-Frank,"Arnoldhaven, AE",https://www.realpython.com,AE
cytogeneticist,Smith-Wong,"Lake Destiny, AP",https://www.realpython.com,AP
"designer, multimedia",Pierce-Herrera,"South Timothyburgh, AP",https://www.realpython.com,AP
trade union research officer,"Aguilar, Rivera and Quinn","New Jimmyton, AE",https://www.realpython.com,AE
"chemist, analytical","Lowe, Barnes and Thomas","New Lucasbury, AP",https://www.realpython.com,AP
"programmer, multimedia","Lewis, Gonzalez and Vasquez","Port Cory, AE",https://www.realpython.com,AE
"engineer, broadcasting (operations)",Taylor PLC,"Gileston, AA",https://www.realpython.com,AA
"teacher, primary school","Oliver, Jones and Ramirez","Cindyshire, AA",https://www.realpython.com,AA
python developer,Rivera and Sons,"East Michaelfort, AA",https://www.realpython.com,AA
manufacturing systems engineer,Garcia PLC,"Joybury, AE",https://www.realpython.com,AE
"producer, television/film/video","Johnson, Wells and Kramer","Emmatown, AE",https://www.realpython.com,AE
"scientist, forensic",Gonzalez LLC,"Colehaven, AP",https://www.realpython.com,AP
bonds trader,"Morgan, White and Macdonald","Port Coryton, AE",https://www.realpython.com,AE
editorial assistant,Robinson-Fitzpatrick,"Amyborough, AA",https://www.realpython.com,AA
photographer,"Waters, Wilson and Hoover","Reynoldsville, AA",https://www.realpython.com,AA
retail banker,Hill LLC,"Port Billy, AP",https://www.realpython.com,AP
jewellery designer,Li-Gregory,"Adamburgh, AA",https://www.realpython.com,AA
ophthalmologist,"Fisher, Ryan and Coleman","Wilsonmouth, AA",https://www.realpython.com,AA
"back-end web developer (python, django)",Stewart-Alexander,"South Kimberly, AA",https://www.realpython.com,AA
licensed conveyancer,Abbott and Sons,"Benjaminland, AP",https://www.realpython.com,AP
futures trader,"Bryant, Santana and Davenport","Zacharyport, AA",https://www.realpython.com,AA
counselling psychologist,Smith PLC,"Port Devonville, AE",https://www.realpython.com,AE
insurance underwriter,Patterson-Singh,"East Thomas, AE",https://www.realpython.com,AE
"engineer, automotive",Martinez-Berry,"New Jeffrey, AP",https://www.realpython.com,AP
"producer, radio","May, Taylor and Fisher","Davidside, AA",https://www.realpython.com,AA
dispensing optician,"Bailey, Owen and Thompson","Jamesville, AA",https://www.realpython.com,AA
"designer, fashion/clothing",Vasquez Ltd,"New Kelly, AP",https://www.realpython.com,AP
chartered loss adjuster,Leblanc LLC,"Lake Antonio, AA",https://www.realpython.com,AA
"back-end web developer (python, django)","Jackson, Ali and Mckee","New Elizabethside, AA",https://www.realpython.com,AA
forest/woodland manager,"Blankenship, Knight and Powell","Millsbury, AE",https://www.realpython.com,AE
clinical cytogeneticist,"Patton, Haynes and Jones","Lloydton, AP",https://www.realpython.com,AP
print production planner,Wood Inc,"Port Jeremy, AA",https://www.realpython.com,AA
systems developer,Collins Group,"New Elizabethtown, AA",https://www.realpython.com,AA
graphic designer,Flores-Nelson,"Charlesstad, AE",https://www.realpython.com,AE
writer,"Mitchell, Jones and Olson","Josephbury, AE",https://www.realpython.com,AE
field seismologist,Howard Group,"Seanfurt, AA",https://www.realpython.com,AA
chief strategy officer,Kramer-Edwards,"Williambury, AA",https://www.realpython.com,AA
air cabin crew,Berry-Houston,"South Jorgeside, AP",https://www.realpython.com,AP
python programmer (entry-level),Mathews Inc,"Robertborough, AP",https://www.realpython.com,AP
warden/ranger,Riley-Johnson,"South Saratown, AP",https://www.realpython.com,AP
sports therapist,Spencer and Sons,"Hullview, AA",https://www.realpython.com,AA
arts development officer,Camacho-Sanchez,"Philipland, AP",https://www.realpython.com,AP
printmaker,Oliver and Sons,"North Patty, AE",https://www.realpython.com,AE
health and safety adviser,Eaton PLC,"North Stephen, AE",https://www.realpython.com,AE
manufacturing systems engineer,Stanley-Frederick,"Stevensland, AP",https://www.realpython.com,AP
"programmer, applications",Bradley LLC,"Reyesstad, AE",https://www.realpython.com,AE
medical physicist,"Parker, Goodwin and Zavala","Bellberg, AP",https://www.realpython.com,AP
media planner,Kim-Miles,"North Johnland, AE",https://www.realpython.com,AE
software developer (python),Moreno-Rodriguez,"Martinezburgh, AE",https://www.realpython.com,AE
"surveyor, land/geomatics",Brown-Ortiz,"Joshuatown, AE",https://www.realpython.com,AE
legal executive,Hartman PLC,"West Ericstad, AA",https://www.realpython.com,AA
"librarian, academic",Brooks Inc,"Tuckertown, AE",https://www.realpython.com,AE
barrister,Washington-Castillo,"Perezton, AE",https://www.realpython.com,AE
museum/gallery exhibitions officer,"Nguyen, Yoder and Petty","Lake Abigail, AE",https://www.realpython.com,AE
"radiographer, diagnostic",Holder LLC,"Jacobshire, AP",https://www.realpython.com,AP
database administrator,Yates-Ferguson,"Port Susan, AE",https://www.realpython.com,AE
furniture designer,Ortega-Lawrence,"North Tiffany, AA",https://www.realpython.com,AA
ship broker,"Fuentes, Walls and Castro","Michelleville, AP",https://www.realpython.com,AP
